1,Building data science products and data driven strategy across startups and large firms. Ex-Sr.Manager at Morgan Stanley. Ex-Data Scientist at GE.       ,Zapr,Data Scientist,2006,B.Tech.,India,Mechanical Engineering,Analytics,4,0,1,0,Bengaluru,Male,AL101
2,"Running AI trading firm with cutting edge AI technologies. I have experience in ML and Analytics. Ex-InMobi, Embibe. Research Associate at IIMB(2012-13)",Helfie Mobile Solutions,CEO,2008,M.Tech.,India,Computer Science & Engineering,Analytics,4,0,1,0,Pune,Male,AL102
3,"He consults organisations on strategy execution and business transformation. He has experience in business process optimization, analytics and digitization.",Millicodes,Founder & CEO,1983,B.Tech.,India,Mechanical Engineering,Analytics,2,0,1,0,Mumbai,Male,AL103
4,Working in the fields of business and data analytics at Uber.Ex-Senior Analyst at Fractal Analytics. Former Business and Data Analyst at Philips Lighting ltd.,Uber Ltd.,Risk Analyst,2014,B.Tech.,India,Metallurgical Engineering & Materials Science,Analytics,2,0,1,0,Bangalore,Male,AL104
5,"Responsible for collecting amount lent to customers. Working closely with analytics, technology, communications, user experience and customer operations team.",Gain Credit,Manager Collections Data Science,2016,M.Sc.,India,Mathematics,Analytics,2,0,1,0,Nashik,Male,AL105
6,He has worked in the analytics and consulting industries for the last 3 years. His focus is to keep going ahead to work in data science and business analytics,Ernst & Young Global Limited,Senior Associate,2018,Dual Degree,Singapore,Chemical Engineering,Analytics,2,0,1,0,Singapore,Male,AL106
7,Making core thermal power plants more efficient. Business lead to Modernize power plants. Digitalization of power plants with embedded Artificial Intelligence and Machine Learning,Siemens Limited,Chief Manager,2005,M.Tech.,India,Energy Science & Engineering,Analytics,2,0,1,0,Gurgaon,Male,AL107
8,"Primarily worked in Credit Risk Management which involved bank-wide Model Governance, region-wide Basel IRB project management & implementation, IRB model & scorecard development, Data Visualization.",HSBC GR,Vice President,2004,M.Sc.,India,Mathematics,Analytics,1,0,1,0,Kolkata,Male,AL108
9,Manages programs that improve operational capabilities of Apple's supply chain.He has led several global cross-functional teams and successfully implemented projects in various areas of supply chain planning.,Apple,Retail Program Manager,2001,B.Tech.,United States,Mechanical Engineering,Analytics,2,0,1,0,Mountain View,Male,AL109
10,"Manages Honeywell's Asset Performance Management software product.Manage a team in R&D to conduct research on steam products, develop them and release in the market; Served as Technical Consultant:U.S. Air Force",Honeywell,Senior Offering Manager,2000,B.Tech.,India,Aerospace Engineering,Analytics,2,0,1,0,Chennai,Male,AL110
11,"Manufacturing and SC network design analytics.Specialties: Manufacturing analytics, Supply chain analytics, Machine Learning, R programming, Agile Project Management, Network Optimization, Simulation, Data Management",General Mills,"Senior Manager, Supply chain analytics",2012,M.Tech.,India,Industrial Engineering & Operations Research - I.E.O.R.,Analytics,1,0,1,0,Mumbai,Female,AL111
12,Currently in a data scientist role working for a chemical company. He has  a research background in computational chemistry. He has experience in developing Graph Neural Network based deep learning framework using PyTorch,Covestro,Data Scientist,2003,B.Tech.,Germany,Engineering Physics,Analytics,4,0,1,0,Munich,Male,AL112
13,"18 years experience with Microsoft, shipping multiple products from Windows to Bing. Currently working as a freelancer in MUST research academy. Working on cutting edge deep learning/machine learning problems since the last 5 years.",MUST Research Academy,Principal Data Scientist,2003,M.Tech.,India,Computer Science & Engineering,Analytics,3,0,1,0,Hyderabad,Female,AL113
14,"Over 17 years of rich work experience in the field of data science, advanced analytics, machine learning, FinTech, Platform and Cloud based data solution. Other activities include data science competency development, academic collaboration",Wipro Ltd,"Consulting Partner - Data, Analytics and Artificial Intelligence",2004,M.Sc.,United Kingdom,Mathematics,Analytics,4,0,1,0,London,Male,AL114
15,"Ex-Associate at JP Morgan & Chase. Decision Analytics, Resource Planning and Optimization. An Operations Research and Analytics Professional with over 5+ years of versatile experience in domains of Banking, Aviation, Supply Chain, Logistics ",Tata Insights & Quants,Manager,2012,M.Tech.,India,Industrial Engineering & Operations Research - I.E.O.R.,Analytics,1,0,1,0,Mumbai,Male,AL115
16,"Data science, working on multiple problems related to ML, Optimisation.Experienced ML Engineer with a demonstrated history of working in the internet, finance and transport industry. Skilled in C++, Python, R, Scala, Apache Spark, Hadoop/Hive.",Facebook,ML Engineer,2005,M.Tech.,India,Other,Analytics,2,0,1,0,Bangalore,Male,AL116
17,"Currently leading Data Science at Navi Technologies, the latest venture of Sachin Bansal (ex-Flipkart CEO) in financial services domain. Prior to this, he has worked in leading fintech startups (Avail Finance and ZestMoney) as well as at Citibank.",Navi Technologies,Senior Data Scientist,2015,Dual Degree,India,Metallurgical Engineering & Materials Science,Analytics,2,0,1,0,Bengaluru,Male,AL117
18,"He is an Analytics & Strategy professional with 10.5+ years of work experience in the Automotive, Insurance, CPG, and IT industries. Has worked closely with multiple stakeholders such as Sales, Operations, Marketing, Product, CXOs in various roles.",CARS24,"Director, Business Insights & Strategy",2008,B.Tech.,India,Electrical Engineering,Analytics,3,0,1,0,Delhi,Male,AL118
19,"Former CEO & MD at various Indian companies/subsidiaries of Multi National Companies, including Rohm and Haas India, Dow Chemical India and ACC Limited",ACC limited,Former CEO,1985,B.Tech.,India,Chemical Engineering,Core engineering,2,0,1,0,Mumbai,Male,CR101
20,"He has worked at and is interested in Remote Sensing, GIS, Hydrology, Dam Safety Organisation, Design of Canals and Design of Water Resources Structure.","Water Resources Department, Govt. of Maharashtra",Superintending Engineer (R),2016,Ph.D.,India,Centre of Studies in Resources Engineering - CSRE,Core engineering,3,0,1,0,Nashik,Male,CR102
21,Leading product management team. He is a Product Management geek who has helped scale some of the biggest companies in Finance and Retail using technology,Cleartax,Director of Product,2008,B.Tech.,India,Aerospace Engineering,Core engineering,1,0,1,0,Mumbai,Male,CR103
22,He has worked in the field of aerospace on satellites and jet engines. Currently his company is working on the green propulsion system for the satellites.,Manastu Space Technologies,CEO,2014,Dual Degree,India,Aerospace Engineering,Core engineering,3,0,1,0,Mumbai,Male,CR104
23,He is professor at Marwadi Education Foundation Group in Institution. His main interest topics are Structural Control using Passive Energy Dissipation devices,"Marwadi Education Foundation Group in Institution, Rajkot",Professor,2010,Ph.D.,India,Civil Engineering,Core engineering,2,0,1,0,Vallabh Vidyanagar,Male,CR105
24,"He has expertise in Evaporative cooling solutions, Dry cooling soultions, Solar Technologies, Solar thermal process heat applications, solar thermal power plant simulations",Thermax Ltd,Manager,2006,M.Tech.,India,Energy Science & Engineering,Core engineering,1,0,1,0,Pune,Male,CR106
25,"Aerospace structural design, testing, vibration, acoustics-testing, fabrication, metallurgy. Currently Deputy Project Director, GSLV MkIII at Vikram Sarabhai Space Centre/ISRO",Vikram Sarabhai Space Centre/ISRO,"Deputy Project Director, GSLV MkIII",2004,M.Tech.,India,Aerospace Engineering,Core engineering,2,0,1,0,Thiruvananthapuram,Male,CR107
26,"He works in Process engineering, Production management. Production manager with 1.5 years of experience. 6 Years of process engineering experience in central technical services.",PI Industries,Manager,2013,B.Tech.,India,Chemical Engineering,Core engineering,2,0,1,0,Ankleshwar,Male,CR108
27,"He has 41 years of experience in Manufacturing with Aditya Birla Group and UltraTech in Cement, Carbon Black, Aluminum, Acrylic Fiber, Sponge Iron. Certified CFI Executive Coach.",NIL,Retired,1976,B.Tech.,India,Chemical Engineering,Core engineering,2,0,1,0,Mumbai,Male,CR109
28,"Head Technology Mgmt Mahindra; Vice president R&D, Innovation, Thermax; Chief R&D, Forbes Marshall; Thermal Egg, R&D, Innovation, Technology, Energy, Heat Exchangers, Knowledge Mgmt.",MAITRI,Founder MAITRI,1974,M.Tech.,India,Mechanical Engineering,Core engineering,2,0,1,0,Pune,Male,CR110
29,Senior Staff Engineer at Qualcomm Inc. Working in VLSI Design implemented with the latest tech nodes. He has 15+ years of experience in working for Semiconductor manufacturing companies.,Qualcomm India Pvt Ltd,Staff Program Manager,2001,M.Tech.,India,Electrical Engineering,Core engineering,4,0,1,0,Bengaluru,Male,CR111
30,Mathisys Advisors is a quantitative trading firm with focus on high & medium frequency trading in various asset classes across the globe. He has been leading the technology team in the firm.,Mathisys Advisors LLC,Chief Technology Officer,1988,B.Tech.,United States,Electrical Engineering,Core engineering,2,0,1,0,Cupertino,Male,CR112
31,She currently leads the definition of next generation server chips. She has attended University of Illinois Urbana-Champaign. She is an Architect at Intel Corporation. San Francisco Bay Area ,Intel Corporation,Product Architect,2002,Dual Degree,United States,Electrical Engineering,Core engineering,1,0,1,0,Cupertino,Female,CR113
32,"Wide experience in Instrumentation industry (Computers, networks, communication, electronics, electricals, software) in India and abroad, at site and in office. Engineering and administrative.",Own consultancy,Consultant,1984,B.Tech.,India,Electrical Engineering,Core engineering,2,0,1,0,Mumbai,Male,CR114
33,"He works at Institute of Oil and Gad Production Technology, an R&D institute of ONGC at Panvel, Navi Mumbai. His work involves basic and applied research in Well Stimulation and Well Completion",ONGC Limited,Executive Engineer (Production),2014,Dual Degree,India,Mechanical Engineering,Core engineering,2,0,1,0,Mumbai,Male,CR115
34,"He has worked in Systems Engineering, Mechanical Design, Research & Innovation for more than 20 years. Ex-TCS, GE, TATA Motors, Bajaj Auto. Has got more than 25 years experience in automotive industry.",Wabtec Corporation,Principal Engineer,1988,B.Tech.,India,Mechanical Engineering,Core engineering,3,0,1,0,Bangalore,Male,CR116
35,Transportation Professional with exposure to public and private sector. He has handled projects from inception to completion. Presently heading a multidisciplinary team to deliver infrastructure projects.,GMD Consultants,Managing Director,1991,M.Tech.,India,Civil Engineering,Core engineering,2,0,1,0,Mumbai,Male,CR117
36,"Working in Design of long span bridges, Tall buildings, Energy Sector, Design of Blast resistant structure, Modular Structure Design, Design to International Standards, Large Capacity Water Retaining Structures.",Petrofac International,Deputy Manager,2001,M.Tech.,United Arab Emirates,Civil Engineering,Core engineering,2,0,1,0,Dubai,Male,CR118
37,"He is recognized as HSE and Sustainability thought leader in Environment, Safety, Health and Human Rights and as jury member for several esteemed industry awards. Is a part of APAC Product Supply Leadership team.",Bayer,Head of HSE - South Asia,1992,B.Tech.,India,Chemical Engineering,Core engineering,2,0,1,0,Mumbai,Male,CR119
38,"He has worked in Software development for mobile packet core network (Mobility gateway for 3G/4G). Currently senior software engineer at Cisco systems. Proficient in Programming Languages: C, Core Java, J2EE, PL/SQL",Cisco Systems,Software Engineer,2009,M.Tech.,India,Electrical Engineering,Core engineering,1,0,1,0,Pune,Male,CR120
39,"He has experience in Higher Education, Entrepreneurship Etc. He is Chairman at ASM International, India. Has worked on mega-event Heat Treat show, Jan 29-30, 2010 at Nehru Centre, Worli organised by ASM International",ASTRO METALLURGICAL (I) PVT LTD,Managing Director,1981,M.Tech.,India,Metallurgical Engineering & Materials Science,Core engineering,2,0,1,0,Mumbai,Male,CR121
40,Working in Design at Texas Instruments for more than 10 years. 3.5 years of experience in ASIC/EDA. Motivated for consistent improvement and learning. Specialties: Worked on the areas for the tool development and support.,Texas Instruments,Digital Design Manager,2007,M.Tech.,India,Electrical Engineering,Core engineering,1,0,1,0,Bengaluru,Male,CR122
41,"He is an Experienced Technology Specialist with a demonstrated history of working in the Engineering Analysis industry. Strong professional skilled in CFD, Heat Transfer, Turbomachinery, Aerodynamics and FluidStructure Interaction.",Siemens Energy,Manager,2009,M.Tech.,India,Aerospace Engineering,Core engineering,2,0,1,0,Gurgaon,Male,CR123
42,"Managing Engineering of Mega Fertilizers, Refineries, Petrochemical plants all over world. Specialties: Piping engineering / Stress Analysis; Managing Engineering of Mega Fertilizers, Refineries, Petrochemical plants all over world.",Thyssenkrupp Industrial Solutions India Pvt Ltd,Senior General Manager & Head Of Department - Plant Design,1985,B.Tech.,India,Chemical Engineering,Core engineering,4,0,1,0,Mumbai,Male,CR124
43,"Business Development Cooling - East Asia and Pacific, APC by Schneider Electric, Mumbai. Former General Manager - Product Management & Application Engineering at Uniflair India Pvt. Ltd. Former Sr. Manager at Tecumseh Products Company.",Schneider Electric,Director,1997,M.Tech.,India,Mechanical Engineering,Core engineering,2,0,1,0,Mumbai,Male,CR125
44,"Founder of a company based in Engineering Consulting. Diverse experience encompassing business development and management, business analysis and solution formulation, marketing, relationship management within chemical engineering industry. ",Shiv Sulphuric Solutions,Founder,2004,M.Tech.,India,Shailesh J. Mehta School of Management,Core engineering,2,0,1,0,Thane,Male,CR126
45,"Expertise in New Product Development, Product Life Cycle management, Value Engineering, DOE as a technique in problem solving, PFMEA. He has published an international paper on Coil Straightening in the Metal Forming Magazine, US Publication.",Costmyze Solutions,Founder Consultant,1982,B.Tech.,India,Mechanical Engineering,Core engineering,2,0,1,0,Mumbai,Male,CR127
46,"His experience till date in Shell have been in the field of Project Management and digital transformation. This included delivering engineering for oil extraction and refining projects, working in projects during construction in a refinery etc.",Royal Dutch Shell,Digital Project Engineer,2015,Dual Degree,India,Chemical Engineering,Core engineering,2,0,1,0,Bengaluru,Male,CR128
47,"He is currently working in International Sales for Land Mobility Division. Experienced Manager with a history of working in the Automotive & Defense industry. Strong professional skill in R&D, Project management, operations, sales and marketing.",Tata Aerospace and Defence,Deputy General Manager (International Business),2011,M.Tech.,India,Metallurgical Engineering & Materials Science,Core engineering,4,0,1,0,Mumbai,Male,CR129
48,"He is an Engineering Manager at Tesla. Former Product Development Eng. in Lime Lab. Has done M.Sc in Mech Eng. from Stanford University. Interested in Mech Engineering, Product design, Electronics, Auto-pilot, sensors and engineering management.",Tesla,Senior. Engineering Manager,1987,Dual Degree,United States,Mechanical Engineering,Core engineering,4,0,1,0,San Carlos,Male,CR130
49,Working as a senior lead engineer for SoC design and verification. Ex-Ericsson. An industrious person with articulacy and optimism. Goals to attain a development oriented career and contribute his full potential towards growth of the organisation.,Intel,SOC Design and Verification Engineer,2015,M.Tech.,India,Electrical Engineering,Core engineering,2,0,1,0,Hyderabad,Male,CR131
50,He is responsible for the global commercial delivery of the plant based proteins by business unit for Ingredion Incorporated. This includes marketing and revenue delivery. Previous experience includes a variety of R&D and business development roles,Ingredion Incorporated,"Director, Business Development",1994,B.Tech.,United States,Chemical Engineering,Core engineering,1,0,1,0,Chicago,Male,CR132
51,"He currently heads the IoT group at GS Lab, providing solutions to various industry verticals. Had founded ConnViva Tech. He was a Process Engineer and Materials Scientist. Expert in design-execution-analysis of experiments for process development.",GS Lab,Director of Engineering,2006,B.Tech.,India,Metallurgical Engineering & Materials Science,Core engineering,2,0,1,0,Pune,Male,CR133
52,SoC Verification of VLSI designs targeted for Advanced Driver Assistance Systems(ADAS) and Autonomous Driving(AD). Experienced Senior Principal Engineer working in the semiconductors industry. Skilled in UVM and SystemVerilog based SoC Verification.,NXP Semiconductors,Senior Principal Engineer,2002,M.Tech.,India,Electrical Engineering,Core engineering,2,0,1,0,Noida,Male,CR134
53,"He works in Pharmaceutical Industry, R&D and scale up. Currently a Process Engineer at Dr.Reddy Labs. A Chemical Engineer experienced in project management, and process scale-up. Skilled in Mathematical Modeling, Aspen. Strong research professional.",Dr Reddy's Laboratories,Process Engineering Specialist,2013,Dual Degree,India,Chemical Engineering,Core engineering,2,0,1,0,Hyderabad,Male,CR135
54,"42+ years experience in Steel-making and processing industry including electric furnace steel-making, continuous casting hot and cold rolling of flat and long steel products, covering manufacturing, quality control and assurance, product development.",NIL,Retired,1971,B.Tech.,India,Metallurgical Engineering & Materials Science,Core engineering,2,0,1,0,Pune,Male,CR136
55,"Graphics hardware front-end design. Expert in Graphics Architecture, design and verification in VLSI domain. 15 years of experience in Intel graphics and worked on many generation of Internal and Discrete Graphics SOC with muti billon dollar revenue.",Intel,Design Manager,2006,M.Tech.,India,Electrical Engineering,Core engineering,1,0,1,0,Bengaluru,Male,CR137
56,"28 years experience in tech driven industries, 7 years in academics, now with non-profit foundation. 28 years in Computers, Comp-peripherals, Telecom Tech, Software, Mechanical, 7 years in Universities, since last 2 years in Non-profit Social Sector.",WIN Foundation,Director India Operations,1981,B.Tech.,India,Electrical Engineering,Core engineering,2,0,1,0,Ahmedabad,Male,CR138
57,"Working in Environmental Compliance and Sustainability. Work experience prior to General Motors : environmental audit and due diligence assessments, air quality assessments of road development schemes, phase I and II environmental site assessments.

",Ex General Motors,Assistant General Manager,2006,M.Tech.,India,Centre for Environmental Science & Engineering - CESE,Core engineering,2,0,1,0,Pune,Male,CR139
58,"Asst. General Manager at Volvo India Pvt Ltd. Worked at Force Motors and Mahindra & Mahindra previously. Over two decades of work experience in design and development Electrical and Electronic systems, and In-vehicle diagnostic and remote diagnostic.",UD TRUCKS,AGM,2007,M.Tech.,India,Electrical Engineering,Core engineering,1,0,1,0,Bangalore,Male,CR140
59,"He is in the oil and gas industry with Qatar Petroleum. He has worked in technical field as process engineer. Chartered Chemical Engineer from IchemE and UK Engineering Council with over 13 yrs of experience. He has worked in multiple countries.



""",Qatar Petroleum,Senior Process Safety Engineer,2007,B.Tech.,Qatar,Chemical Engineering,Core engineering,2,0,1,0,Doha,Male,CR141
60,"He works with the Narmada Control Authority and his work spans the areas of Interstate River Issues, Structural Engineering, Design of Hydropower Plants, Analysis of Underground Structures, Training and Capacity Building etc.",Narmada Control Authority,Deputy Director,2009,M.Tech.,India,Civil Engineering,Civil Services/Govt. of India,2,0,1,0,Indore,Male,CS101
61,"He is an Indian Administrative Service (IAS) officer of 2016 batch, Bihar Cadre. He is looking after public administration of the district (Vaishali, Bihar) in general, and development administration to be specific.",Government of Bihar,"Deputy Development Commissioner cum Chief Executive Officer, Zila Parishad",2010,B.Tech.,India,Metallurgical Engineering & Materials Science,Civil Services/Govt. of India,3,0,1,0,Patna,Male,CS102
62,"He is presently Assistant Provident Fund Commissioner (APFC) in Employees Provident Fund Organisation (EPFO), a statutory body under Ministry of Labour & Employment, Govt. of India. He was direct recruit APFC from the 2012 Batch.",Ministry of Labour (EPFO),Assistant PF Commissioner,2012,Dual Degree,India,Aerospace Engineering,Civil Services/Govt. of India,2,0,1,0,New Delhi,Male,CS103
63,He previously worked as a management trainee at Johnson & Johnson post an MBA from IIM Calcutta and is currently preparing for the civil service exam.,Preparing for the Civil Services,Not working currently,2017,B.Tech.,India,Chemical Engineering,Civil Services/Govt. of India,4,0,1,0,New Delhi,Male,CS104
64,"Municipal Infrastructure Management. Experienced Service Engineer with a demonstrated history of working in the government administration. Skilled in Analytical Skills, Leadership, Contract Management, Project Management, and Strategic Planning.",Municipalities,Ex Director Technical Service in Local Government,1972,B.Tech.,Australia,Civil Engineering,Civil Services/Govt. of India,1,0,1,0,Melbourne,Male,CS105
65,She is currently serving as Deputy Conservator of Forests in Himachal Pradesh from last 4 years. She has also done an intern at Tata Research Development and Design Centre,Govt of Himachal Pradesh,Indian Forest Service,2013,B.Tech.,India,Chemical Engineering,Civil Services/Govt. of India,0,0,1,0,Dehradun,Female,CS106
66,My work is related to the Indirect Taxes which includes GST and Customs. The core job is related to collect revenue and prevent tax evasion. In addition to this I also look after the administrative aspect of the department.,"Department of Revenue, Ministry of Finance",Assistant Commissioner,2013,B.Tech.,India,Mechanical Engineering,Civil Services/Govt. of India,0,0,1,0,Kolkata,Male,CS107
67,"Served in the Indian Army for 30 years. Providing Engineering Support to all Army Technical Equipment. Job involved repair, maintenance, recovery, indigenisation, reverse engineering, inspection and innovative approach to Equipment issues.",Nil,Retired Defence Service Officer ( Army),1978,B.Tech.,India,Metallurgical Engineering & Materials Science,Civil Services/Govt. of India,0,0,1,0,Pune,Male,CS108
68,Worked as Officer on Special Duty (OSD) at NITI Aayog looking after Infrastructure and Economic sectors. Currently involved in investments and policy advisory roles,NIIF,Principal,2002,B.Tech.,India,Bachelor of Technology - B.Tech.,Civil Services/Govt. of,3,0,1,0,New Delhi,Male,CS109
69,"He is working in R&D- Chassis Design at Ola Electric. He has 8 years experience in R&D, he has also worked for design of the chassis of Land Rover's Discovery sports, Hero's Maestro Edge, Duet Auto- 2&4 wheeler R&D.",Ola Electric Ltd,Senior Manager,2009,M.Tech.,India,Mechanical Engineering,Design,3,0,1,0,Pune,Male,DO101
70,"He is experienced in UX Design, Design Research, Design Entrepreneurship, Architecture, Industrial Design,etc. He has done his PhD from IIEST on Design Strategy.He has worked in companies like Microsoft, InMobi, Tower360, etc..",Atlassian,Lead Designer,2012,M.Des.,India,Industrial Design Centre,Design,2,0,1,0,Bangalore,Male,DO102
71,"He is a versatile Automotive Designer, Design Strategist. He has diverse experience in nurturing many award winning styling/ design projects in automotive, agricultural and construction equipment domains. He has an experience of over 28 years.
",Escorts Limited,Head- Styling Studio,1995,M.Des.,India,Industrial Design Centre,Design,4,0,1,0,Thane,Male,DO103
72,"He has over 18 years of experience in the areas of Corporate Identity/Retail Design, Engineering and Material Science.He is also a Content expert in Corporate identity design and implementation. He has in Shell, Toyota, HPCL, Elephant Design,etc,.
",3M INDIA,General Manager,2002,M.Des.,India,Industrial Design Centre,Design,1,0,1,0,Bangalore,Male,DO104
73,"Design Team Lead with a demonstrated history of working in the furniture industry. Strong arts and design skills with specialisation in Product Design, Design Management, User-centered Design, and Ergonomics.",Godrej Interio,GM - Design,2002,M.Des.,India,Industrial Design Centre,Design,2,0,1,0,Mumbai,Male,DO105
74,"Bio - Product Leader with 5+ years of experience in working with multiple innovative, high growth technology startups, building and shipping products in the B2C mobile and web space, several of them which have over 1 million downloads. Passionate abo",Get My Parking,Senior Product Manager,2011,B.Tech.,India,Aerospace Engineering,Design,0,0,1,0,Mumbai,Male,DO106
75,Working at an ed-tech organisation which creates programs for working professionals. Previously have worked in education sector in startups. I have completed my MBA from IIM Calcutta. Can guide the mentee for MBA/b-schools and options in education/so,UpGrad,Project Manager,2011,Dual Degree,India,Civil Engineering,Design,0,0,1,0,Mumbai,Male,DO107
76,"He was the vice president of PropTiger and the Director ofTradus and Principal and co-founder of clearsenses technologiesFounder at multiple startups. He has long experience in ecommerce, payments, large scale internet systems, blockchain and AI",RedCarpetUp,Founder,2002,B.Tech.,India,Electrical Engineering,Design,0,0,1,0,New Delhi,Male,DO108
77,He has 17.5 yrs of experience in the design field and out of which 11.5 yrs in the field of UX design and rest in the product design field. He has experience in creating user friendly solutions & integrating business requirements into design strategies. ,Varian Medical Systems,Senior UX Designer,2003,M.Tech.,India,Master of Design - M.Des. / M.Design,Design,2,0,1,0,Pune,Male,DO109
78,"He spent four years at Blackstone, in the Private Equity team .He is working at a hedge fund with a focus on growth investing in Indian tech companies",Falcon Edge Capital,Investment Analyst,2016,B.Tech.,India,"Mechanical, Metallurgical Engineering & Materials Sciences, & Mathematics",Finance,1,0,1,0,Bangalore,Male,FN101
79,"Venture Capital, startups, investment banking,He has been the Manager of Carbon Clean Solutions Startup and venture funding, fintech, consumer brands.",Waterfield Advisors,Director,2008,B.Tech.,India,Mechanical Engineering,Finance,1,0,1,0,Mumbai,Male,FN102
80,He consult banking clients on their capital markets practice and help implement his products in their ecosystem .He has specialization in the risk domain.,Finmechanics India Pvt Ltd,Senior Consultant,,B.Tech.,India,Metallurgical Engineering & Materials Science,Finance,2,0,1,0,Mumbai,Male,FN103
81,He retired as Deputy Managing Director from State Bank of India after putting in 38 years of service. He can mentor students in any area related to finance,Central Depository Services Limited,Chairman,2017,M.Sc.,India,,Finance,2,0,1,0,Nagpur,Male,FN104
82,He is the ex-Manager at ICICI Bank for Market Risk- Derivatives and Fixed income .He has also worked as the Software Engineering Analyst at Accenture company,Morgan Stanley,Manager,1976,M.Mgt.,India,Shailesh J. Mehta School of Management,Finance,2,0,1,0,Mumbai,Male,FN105
83,He has worked in strategy consulting and currently working in private equity. He was also the Summer Analyst at Goldman Sachs and the Ex-Associate at BCG company,CVC Capital Partners,Analyst,2002,B.Tech.,India,Physics,Finance,3,0,1,0,Mumbai,Male,FN106
84,"He has worked with Citi for around 3 years in product management and technology. Currently, he is doing MBA at IIM Calcutta.He also runs a startup-business blog.",IIM Culcutta,Student,2017,B.Tech.,India,Chemical Engineering,Finance,2,0,1,0,Kolkata,Male,FN107
85,He is working in Consumer Lending - Acquisitions at Goldman Sachs.He has an avid interest in applications of ML in finance. He completed his MBA from IIM A (2014),Goldman Sachs,Associate,,B.Tech.,United States,Electrical Engineering,Finance,2,0,1,0,Wilmington,Male,FN108
86,He is advising and mentoring startups for the fundraising activities. He is working in consulting for more than 12 years. He has done PGP from IIM Calcutta in 2007,Fern Partners,Partner,2012,B.Tech.,India,Mechanical Engineering,Finance,4,0,1,0,Guwahati,Male,FN109
87,"Co-head Group Strategic Planning. He has 19+ years experience in banking in New York and London, in leading teams with global financial Institutes in New York and London. ",UBS,Executive Director,1994,B.Tech.,United Kingdom,Chemical Engineering,Finance,1,0,1,0,London,Male,FN110
88,"He is working in the private equity sector.He is part of the team at Blackstone India, which is focused on making control-oriented investments in businesses based in India.",Blackstone,Associate,2017,B.Tech.,India,Mechanical Engineering,Finance,2,0,1,0,Mumbai,Male,FN111
89,"He has headed data engineering, data science and data analytics teams for Earnest. This is a fintech company focused on online lending to financially responsible borrowers.",Earnest,Director,2010,B.Tech.,United States,Aerospace Engineering,Finance,2,0,1,0,San Francisco,Male,FN112
90,"He is exploring investments in the renewable energy space, and working with portfolio companies for Tata Industries Ltd, his past experiences includes equity research (finance) at JP Morgan",Tata Industries Ltd.,Senior Analyst,2018,Dual Degree,India,Electrical Engineering,Finance,3,0,1,0,Mumbai,Male,FN113
91,"He has built & led Indian platforms in risk and analytics space for financial services firms.He had a broad exposure to all asset classes. Currently, he is building Indian operations for Agam Capital.",Agam Capital,Director,2000,B.Tech.,India,Electrical Engineering,Finance,1,0,1,0,Mumbai,Male,FN114
92,"His past experience includes EA to MD, CFO with a BPO company, heading International School, Procurement, Internal Audit,he has worked in steel, financial services, real estate and outsourcing industries.",Prism Johnson Limited,Senior General Manager,2001,M.Mgt.,India,Shailesh J. Mehta School of Management,Finance,2,0,1,0,Mumbai,Male,FN115
93,"He has been working in Financial services across Investment Banking (Credit Suisse, Goldman Sachs) and Fintech (InCred, Visa). In his current role, he heads Consumer Credit Products for Visa India and South Asia",Visa Inc,Associate Director,2010,B.Tech.,India,Aerospace Engineering,Finance,3,0,1,0,Mumbai,Male,FN116
94,"Ex-Investment Banking Analyst at Credit Suisse Securities(help corporates raise money via debt, IPO, QIP etc.).Former Bussiness analyst in Fractal Analytics.Has done Masters in International Management form CEMS and MBA from IIM-Calcutta.",Goldman Sachs,Associate,2014,B.Tech.,India,Civil Engineering,Finance,2,0,1,0,Mumbai,Male,FN117
95,"He  runs a startup company which builds software for sports instructors. His prior experience includes sales and trading in commodities and equities, as well as product development and account management in the semiconductor equipment industry.",QSchool Sports LLC,Founder and CEO,1995,Dual Degree ,United States,Chemical Engineering,Finance,2,0,1,0,Trumbull,Male,FN118
96,He has worked in finance trading global markets with investment banks and hedge fund.Ex-Hedge fund portfolio manager at Millenium.He also worked in finance trading global markets with investment banks and with Delta One Swaps at Morgan Stanley.,Morgan Stanley,portfolio manager,2005,B.Tech.,Hong Kong,Computer Science & Engineering,Finance,4,0,1,0,Hong Kong,Male,FN119
97,"He is an Investment Banker at Axis Capital Limited, a subsidiary of Axis Bank. He covers the Auto and Education sectors for IB opportunities. He has background in Software engineering as well and he has worked as a Developer in Adobe for one year",Axis Capital Limited,Manager - Investment Banking,2018,B.Tech.,India,Computer Science & Engineering,Finance,4,0,1,0,Mumbai,Male,FN120
98,"He has been working in the Credit and Sales department of Banks and NBFCs.He has worked in SME, Mid Corporate and Large Corporate segments of Corporate Banking.He is heading Syndication wherein he downsell loans which the organization underwrites.",Tata Cleantech Capital Limited,Head - Syndication,2002, M.Mgt.,India,Shailesh J. Mehta School of Management,Finance,1,0,1,0,New Delhi,Male,FN121
99,"He has worked as PE Analyst for boutique advisory, and had a brief stint as a consultant at Big 4 assisting the US team on M&A and Bankruptcy. Presently, he is working as principal for NY based hedge fund, developing quantitative trading strategies",Asset Management,Principal,2017,M.Tech.,India,Civil Engineering,Finance,2,0,1,0,Mumbai,Male,FN122
100,"His past works includes CRISIL- Strategic Advisory in Infrastructure Sector - dealing with World bank, ADB, national and international government organisation to propel growth and development of the region and start up in the Maritime Logistics Space",Shell,Deals Advisor,2014,B.Tech.,India,Civil Engineering,Finance,3,0,1,0,Mumbai,Male,FN123
101,He has given 15+ years in the area of building market risk models for Capital Markets in Investment Banking.Quantitative Risk Manager at HSBC and more than 12 years in the area of building market risk models for Capital Markets in Investment Banking.,HSBC,Global Head of Fixed Income Risk Modelling,2001,B.Tech.,United Kingdom,Chemical Engineering,Finance,2,0,1,0,London,Male,FN124
102,"He works majorly in the domain of Quantitative Finance and Algorithmic Trading.Machine Learning,Optimization are some of the skills required in this area.He has interned at Adobe Research and Tata Research, published research papers in Deep Learning.",WorldQuant,Vice President,2018,Dual Degree,India,Electrical Engineering,Finance,2,0,1,0,Mumbai,Male,FN125
103,Co-founded and worked in firms specializing in quant. ex-Founder of BuyT and ex-Quant Trader of Nomura.He had diverse experience - from algorithmic trading to e-commerce aggregation. From Wall Street to entrepreneurship to the consumer internet space,Hyberbolic,Founding Principal,2009,B.Tech.,India,Computer Science & Engineering,Finance,2,0,1,0,Bengaluru,Male,FN126
104,"He mainly works on software development using java, html, node, angular. Senior software tech-consultant at PTC. Working at PTC for more than 25 years.",PTC,Senior Tech Consultant,1997,M.Tech.,India,Aerospace Engineering,IT,2,0,1,0,Pune,Male,IT101
105,"He has been working as a big data engineer at Airbus for the past three years. Now he will be pursuing his  Masters at University of Massachusetts, Amherst.",Airbus,Engineer,2018,Dual Degree,United States,Mechanical Engineering,IT,1,0,1,0,Amherst,Male,IT102
106,"He is currently working in Information Technology,People, Project and Process Management, interested in Mathematics, Physics, Economics and the Theory of Constraints",Tata Consultancy Services Limited,Consultant,1994,M.Tech.,India,Industrial Engineering & Operations Research - I.E.O.R.,IT,2,0,1,0,Chennai,Male,IT103
107,"Business success using content; Documentation; Content strategy; Product management.Result-oriented content authoring, operations, and strategy experience of over a decade.",Adobe Systems India,Content Lead and Strategist,2007,B.Tech.,India,Chemical Engineering,IT,2,0,1,0,Noida,Male,IT104
108, He is working as a Global Operations Director in the fields of Banking and Software at HCL. He has been working at HCL for more than 14 years.                                ,HCL,Global Operations Director,1991,M.Sc.,India,Physics,IT,3,0,1,0,Chennai,Male,IT105
109," His core focus is on designing and developing counter-intuitive strategies.  He has a good understanding of: Monetization Strategies,  Product Strategies, Business Strategies
",J P Morgan Chase,Vice President-Product Management,2005,B.Tech.,India,Mechanical Engineering,IT,4,0,1,0,Hyderabad,Male,IT106
110,"Engineering Leadership. Data , ML/AI for b2b and b2c.Technology.Data.AI.ML.Product.Vice President Of Engineering at Talent500. Ex-Senior Director Of Engineering at Symphony Talent",Talent500,VP of Engineering,2005,B.Tech.,India,Metallurgical Engineering & Materials Science,IT,1,0,1,0,"Bangalore, Karnatana",Male,IT107
111,"Independent Consultant in IT and Telecom space. Prior to working as a consultant, Mr. Ramadas served as Chief Technology Officer and Vice President at HCL Technologies BPO Services. ",HCL Technologies,Senior consultant IT and Telecom,1971,M.Tech.,India,Electrical Engineering,IT,1,0,1,0,Hyderabad,Male,IT108
112,"He previously handled products at Innoviti, a fast-growing company in the exciting payments space that pioneered the use of technology to solve payment acceptance problems in retail space.",Uptycs India,Managing Director,1991,B.Tech.,India,Electrical Engineering,IT,2,0,1,0,Bangalore,Male,IT109
113,He has been working with the IT Industry for over 2 decades. He has worked both in India and abroad in the Silicon valley. Has worked with Silicon Valley startups and Indian IT Majors as well.,Infosys,Principal Consultant,1994,B.Tech.,India,Chemical Engineering,IT,1,0,1,0,Hyderabad,Male,IT110
114,"He is  working on PostgreSQL and its derivative products like Postgres-XC, Postgres Plus Advanced Server (PPAS). Most of his work has been in the areas of query processing, stored procedure languages.",EnterpriseDB,"Senior PostgreSQL Architect, BDR",2005,M.Tech.,India,Computer Science & Engineering,IT,2,0,1,0,Pune,Male,IT111
115,"Data Analytics and Oracle ERP.Hands on leader with more than two decades of experience in ERP, Data Analytics, System Integration, Database Administration, Data Science, and Machine Learning technologies. ",Sanrusha Consultancy Inc.,Chief Technology Officer,2001,M.Tech.,Canada,Chemical Engineering,IT,1,0,1,0,Toronto,Male,IT112
116,He is a software engineer who likes exploring and building products. He was at Google previously where he worked on the YouTube alternative monetization team  before he decided to explore the startup world.,Neeva,Software Engineer,2015,B.Tech.,United States,Computer Science & Engineering,IT,2,0,1,0,Mountain View,Male,IT113
117,"He is working with Manufacturing customer in areas of Machine manufacturing, Industrial chemicals and coatings, Automotive and Aero tier1, in areas of IT consulting, process improvement and ERP implementations",TCS,Delivery Partner,2004,M.Mgt.,India,Shailesh J. Mehta School of Management,IT,1,0,1,0,Mumbai,Male,IT114
118,"He is a professional with extensive experience in the full life cycle of the software development process for solutions including requirement definitions, prototyping, design, implementation, testing and maintenance.",Cisco Systems,Solutions Architect,2000,B.Tech.,India,Chemical Engineering,IT,1,0,1,0,BANGALORE,Male,IT115
119,"Part of Senior Leadership Team heading USA and EMEA region Implementation Consultants implementing clients. Technical coordination and Product. Enhancements, Defect Fixes and Technical Support. Market Research and Business Analyst.",ADP,Implementation Manager,2004,B.Tech.,India,Aerospace Engineering,IT,4,0,1,0,Hyderabad,Male,IT116
120,"Management, Startups, Computer Science. Total number of years is 35 in the US where I worked with NASA, IBM and University of Texas @ Austin. His company has been awarded the award for Excellence in Education by Govt. of India in 2016",Magnificient2 Software Services & Technologies Inc,CEO,1980,M.Tech.,India,Centre for Environmental Science & Engineering - CESE,IT,3,0,1,0,Bangalore,Male,IT117
121,"He is working in Security and Compliance domain. Have prior experience in storage and distributed systems, security and compliance, file system Implementations, high performance architectures, file systems disk layout and SSD internals",Microsoft R&D India Development Center,Software Engineer,2009,M.Tech.,India,Computer Science & Engineering,IT,4,0,1,0,Hyderabad,Male,IT118
122,He is into Healthcare Domain related and also he is an senior bussiness analyst.Experienced Business Analyst with a demonstrated history of working in the information technology and services industry with strong experience in Healthcare industry,Cerner,Senior Product Owner,2016,MBA,India,Shailesh J. Mehta School of Management,IT,2,0,1,0,Bangalore,Male,IT119
123,"He likes building businesses and products that have a fine blend of technology, scale, and innovation.Over the past stints, he has built organizational culture with strong core values, prioritize the customer value proposition and build great teams.
",Startup,Software,2005,B.Tech.,India,Computer Science & Engineering,IT,2,0,1,0,Bangalore,Male,IT120
124,"She is strategic IT Manager with 4 yrs of experience, She had worked as Assistant General Manager in Vodafone Idea Limited, where she lead MIS consolidation and migration projects from delivery perspective.Also currently pursuing PGP at IIM Bangalore",Vodafone Idea Limited,Assistant General Manager,2017,B.Tech.,India,Chemical Engineering,IT,3,0,1,0,Akola,Female,IT121
125,"He was the lead consultant at Genpact Headstrong capital markets and currently the vice president of Bank of America. He has played several roles like Software Engineer, Solutions Architect,  Product Owner, Delivery Lead, Engineering Manager",Bank of America,Vice President - Technology Manager,2004,B.Tech.,India,Aerospace Engineering,IT,4,0,1,0,Mumbai,Male,IT122
126,"He has extensive experience as R&D Technologist and Executive in the IT infrastructure domain with focus on systems software products, enterprise class storage systems, shared virtualised infrastructure vm and containers, and storage management.",Ubiqare Health Pvt. Ltd.,Founder and Director,1988,M.Tech.,India,Computer Science & Engineering,IT,2,0,1,0,Bangalore,Male,IT123
127,"He provides MBA Admissions Consulting. He can also  help with insights over a wide variety of careers across technology, strategy (consulting) and banking.",MBA Crystalball,Chief Consulting Officer,2003,Dual Degree,India,Chemical Engineering,Management consulting,2,0,1,0,Mumbai,Male,MC101
128,"He drives large scale business, operational and organizational transformations across different sectors. Currently the Chief Operating Officer of Lamar holdings",Lamar Holdings,Chief Operating Officer,2000,B.Tech.,United Arab Emirates,Metallurgical Engineering & Materials Science,Management consulting,4,0,1,0,Dubai,Male,MC102
129,He has worked at Bacile Calmette-Guerin between 2014-2019. Then went to pursue MBA at Wharton 2019-2021. Currently he is working as a senior associate at Google,Google,"Senior Associate, Strategy and BizOps",2014,B.Tech.,United States,Chemical Engineering,Management consulting,2,0,1,0,San Francisco,Male,MC103
130,"His main interests are Manufacturing, Project Engineering, Chemical Industry, Solar PV Manufacturing, Solar PV Power Projects, R&D, Design, Management Consulting",ANANYAVIJAYA CONSULTANCY LLP,Director,1990,Ph.D.,India,Chemical Engineering,Management consulting,2,0,1,0,BANGALORE,Male,MC104
131,"He is working in Management Strategy, Business Planning and Ion exchange Membrane Technolgy. He has been the Ex-Reginal Manager Asia-Pacific for membrane products.",Self Employed,Consultant,1972,B.Tech.,India,Chemical Engineering,Management consulting,2,0,1,0,Gurgaon,Male,MC105
132,"He has  worked with the Oil and Gas major, Schlumberger since I graduated from IIT-B in 2011 till 2020.  Then he moved to pursue an MBA from the Harvard Business School.",Harvard Business School,Student,2011,B.Tech.,United States,Computer Science & Engineering,Management consulting,1,0,1,0,Boston,Male,MC106
133,"He is currently a part of the product team at OYO. Prior to his current role, he was part of the strategy team at OYO. Before making the switch to OYO, he had joined BCG from campus.",OYO Rooms,Product Manager,2017,B.Tech.,India,Chemical Engineering,Management consulting,2,0,1,0,New Delhi,Male,MC107
134,"He has been an Ex-Project leader at Boston consulting group (BCG). He is also experienced in strategy (BCG), investments (IFC), banking (JP Morgan), and Policy (Office of Mr. NarendraModi).",TVS Motor,General Manager,2010,Dual Degree,Singapore,Electrical Engineering,Management consulting,4,0,1,0,Singapore,Male,MC108
135,"He is working for the developement of Intelligent Transporatation Systems, Smart Cities, Traffic Engineering, Toll Road Studies, Revenue Management Systems, Infrastruture Investment Assessments, Data Analytics etc.,",IBI Group,Director,2000,Dual Degree,India,Civil Engineering,Management consulting,1,0,1,0,Bangalore,Male,MC109
136,He works at McKinsey & Company with their risk practice. He primarily works with Asian and American banks to help manage their model risk through model validation and model risk management policy development and enhancement.,McKinsey & Company,Specialist,2017,Dual Degree,United States,Energy Science & Engineering,Management consulting,3,0,1,0,Boston,Male,MC110
137,"He is  a management consultant analyst, working with clients of Media and Telecom sector who are located across the globe.program manager at OLA, Data Scientist at conduria, Emerging Leader at P&G, Associate at Star TV Netwok",Accenture Strategy,Management Consulting Analyst,2014,B.Tech.,India,Civil Engineering,Management consulting,2,0,1,0,Gurugram,Male,MC111
138,"He is working in Management consulting and Investment management. Has an expertise in Environment Management Systems, Environmental and Social Impact Assessment, Urban Infrastructure and Planning. MBA in Environmental Management",Global Infrastructure Partners India LLP,Director,2006,B.Tech.,India,Chemical Engineering,Management consulting,2,0,1,0,Mumbai,Male,MC112
139,"He has worked as Program Manager   in L&T and now he is working on setting up his own firm and being a VC. He is presently Engineer at LM Wind Power. Has is experienced in Product design, cost reduction, DFM and value engineering",Startup,Founder and VC,2004,M.Tech.,India,Electrical Engineering,Management consulting,4,0,1,0,Mumbai,Male,MC113
140,"He was the CEO of MyKYCBank.  He has also been the Vice President at Rosy Blue. He is  focussed on helping Top Management firms identify and address real business challenges
Areas of work include - Industry Analysis and Forecasting",Pharos Beam Consulting LLP,Partner,1994,B.Tech.,India,Chemical Engineering,Management consulting,2,0,1,0,Mumbai,Male,MC114
141,"He provides consultancy for improving business processes and overall performance.  Has 17 years of experience in supply chain operations, production, quality, project management, Application Development in the manufacturing sector.",Vainateya Software consultancy Pvt Ltd,CEO & Technical Director,1973,B.Tech.,India,Metallurgical Engineering & Materials Science,Management consulting,2,0,1,0,Mumbai,Male,MC115
142,"He is working as a associate in a Consulting firm. He is Ex-Associate at CHAI and former Manger with Grail Research and has worked across industries such as Consumer Goods, Retail, technology, and Telecom. Did MBA from IIM Ahmedabad",The Global Fund,Associate,2009,B.Tech.,Switzerland,Civil Engineering,Management consulting,3,0,1,0,Geneva,Male,MC116
143,"He has worked as Sales Professional at IBM India Pvt. Ltd and has done an internship at Flipkart in Social Media Marketing. Before MBA, worked at Monnet Ispat & Energy Limited as Assistant Manager, Sales and Marketing for 19 months.",Ernst & Young Global Limited,AVP,2012,B.Tech.,India,Metallurgical Engineering & Materials Science,Management consulting,1,0,1,0,Mumbai,Male,MC117
144,"He is currently handling a $200M business for Infosys BPOM Ltd.  His areas of experience and expertise include IT and allied services across sales, solutions and operations.  He has  been playing a senior management role for the last 10 years.",Infosys BPM Ltd,Vice President,1994,B.Tech.,India,Mechanical Engineering,Management consulting,2,0,1,0,Bengaluru,Male,MC118
145,"He is currently working as Strategy Consultant at Accenture Strategy. He had worked in Automotive Industry with some experience in Oil & Gas as well. Has worked on Planning, Growth Strategy, Cost Reduction, etc. He pursued MBA from IIM Ahmedabad.",Accenture Strategy & Consulting,Strategy Consultant,2017,B.Tech.,India,Chemical Engineering,Management consulting,2,0,1,0,Gurgaon,Male,MC119
146,"He has a 6.5 yrs of Oil & Gas field operations experience in 18 countries spanning over 5 continents with Schlumberg. Presently, he is a management consultant with experience of serving leading corporates in Banking, Pharma, and Steel industries.",McKinsey & Company,Associate,2011,B.Tech.,India,Civil Engineering,Management consulting,2,0,1,0,Jaipur,Male,MC120
147,He works with startups and couple of investors in providing advisory services to young entrepreneurs. He also specilizes in strategic analysis of businesses and help develop key differentiators and assists startups reach out to potential customers.,A2A Training & Mentoring LLP,Founder & CEO,1992,B.Tech.,India,Chemical Engineering,Management consulting,2,0,1,0,Mumbai,Male,MC121
148,"He is offering coaching services to empower and ignite Executives so as to work with super zeal and energy. His main Objective is to  lead a life of achievement, meaning and happiness  and wishes to helping people live an empowered and happy life! ",Tapping Inner Powers,Founder and Chief Innovation Officer,1976,B.Tech.,India,Chemical Engineering,Management consulting,2,0,1,0,Mumbai,Male,MC122
149,He is currently a second year student pursuing Masters in Business Administration and Management at Indian Institute of Management Bangalore. ,IIM Bangalore,PGP,2019,B.Tech.,India,Mechanical Engineering,Management,3,0,1,0,Bangalore,Male,MG101
150,"He is working as Business Head for South Asia in GM. He is an experienced professional with strong consulting, operations, and general management skills.",PayJoy,GM South Asia,2004,B.Tech.,India,Metallurgical Engineering & Materials Science,Management,3,0,1,0,Bangalore,Male,MG102
151,He works as a Commercial Manager in General Management role. Currently working as a manager in a New Delhi based company in ExxonMobil Gas Private Limited,EMGIPL,Manager,2005,B.Tech.,India,Mechanical Engineering,Management,2,0,1,0,New Delhi,Male,MG103
152,"She has 17 years of work experience and expertise in the fields of software product development, Enterprise SaaS, customer management, and general management.",Stealth Startup,CEO,,M.Sc.,India,Chemistry,Management,2,0,1,0,Gurgaon,Female,MG104
153,"He is presently working in the field of interiors, construction and real estate. He is the director of RA Interior and RJ Infra Interio and Ravi Jain Designers",RA Interio/RJ Infra Interio/Ravi Jain Designers,Director,2017,B.Tech.,India,Civil Engineering,Management,2,0,1,0,Mumbai,Male,MG105
154,"He is the head of Strategy & BD at his company and his work involves Consulting, Business growth, tough situation handling, service, proposition design and enterprise sales. ",Zensar Technologies,Director of Strategy & BD,2004,B.Tech.,United Kingdom,Chemical Engineering,Management,1,0,1,0,London,Male,MG106
155,"He works in the fields of marketing, planning, info systems and management, arbitration, contract management and project management etc. Currently he is the senior vice president of IITArb",IITArb,Senior Vice President,1991,M.Tech.,India,Shailesh J. Mehta School of Management,Management,4,0,1,0,Thiruvananthapuram,Male,MG107
156,"She is working in strategy at Founder's office in GOAT Brand Labs, a D2C brands e-comm roll up venture. Worked at McKinsey as Consultant prior to this and completed MBA from IIM Ahmedabad.",GOAT Brand Labs,"Strategy, Founder's Office",2018,Dual Degree,India,Energy Science & Engineering,Management,1,0,1,0,Bangalore,Female,MG108
157,"He is presently leading the team at his company in strategy and roadmap management, delivery of automation solution on Big Data Hadoop, Machine Learning solutions and Al solutions delivery.",Barclays Technology Center India,Associate Vice-President,2005,M.Tech.,India,Energy Science & Engineering,Management,3,0,1,0,Pune,Male,MG109
158,He works in setting up student success and curriculum programs at Whitehat Jr (an ed-tech organization). He did a PGP from IIMC and graduated in 2017. He previously worked at UpGrad and Toppr.,WhiteHat Jr.,Assistant Vice President,2011,Dual Degree,India,Civil Engineering,Management,2,0,1,0,Mumbai,Male,MG110
159,"He is presently working in Program Management at Jubliant Foodworks. His previous work experiences include working as a Program Manager at Ernst and Young, PM in IBM and as a consultant in Feedback Infra.",Jubilant Foodworks,Senior Manager - Business Excellence,2010,M.Mgt.,India,Shailesh J. Mehta School of Management,Management,2,0,1,0,Bengaluru,Male,MG111
160,"He runs a startup in the Electric Vehicles industry and is an advisor to couple of other fintech startups. Before pursuing an MBA, he worked at Monnet Ispat & Energy Limited as Assistant Manager, Sales and Marketing. ",LithionPower,Co-founder,2000,B.Tech.,India,Computer Science & Engineering,Management,4,0,1,0,Mumbai,Male,MG112
161,"He is an ex-Engineering Manager at Tesla and former Product Development Engineer in Lime Lab. Did his M.Sc in Mechanical Engineering from Stanford University. Interests include Product design, Consumer Electronics, etc.",WorkSpan,"Director, Product Management",2000,B.Tech.,India,Chemical Engineering,Management,2,0,1,0,Bangalore,Male,MG113
162,She is a software development manager with proven experience in building world-class teams and creating software for education industry. She has worked as technical associate at Trilogy and 13 years at Smart Technologies,SMART Technologies,Senior Manager,2005,M.Tech.,Canada,Computer Science & Engineering,Management,1,0,1,0,Calgary,Female,MG114
163,"She works in the fields of Capability Building, Talent Management, Employee Engagement, Change Management, Instructional Design and Organizational Research, HR, Talent Management, Diversity and Inclusion Humanities etc. ",Blue Star Ltd.,"Head - Talent Management, Diversity & Inclusion",2009,Ph.D.,India,Humanities & Social Science,Management,1,0,1,0,Mumbai,Female,MG115
164,"He is an entrepreneur working in the space of electric mobility, especially the last-mile logistics applications for e-commerce companies. He has past experience in media and agriculture businesses across India and China.",DSM Pvt. Ltd.,Founder,2004,M.Mgt.,India,Shailesh J. Mehta School of Management,Management,2,0,1,0,Pune,Male,MG116
165,"He retired after serving in Nonferrous, Iron & Steel and Cement industries. Associated with the setting up of the Zinc industry, Steel Plants and slag based cement plants in India.Is presently working as an independent director.",JSW GROUP,Independent Director,1962,B.Tech.,India,Metallurgical Engineering & Materials Science,Management,2,0,1,0,Mumbai,Male,MG117
166,"He is presently running a global business and has a history of working in healthcare industry and cross border business development. He is skilled in driving high growth, P&L management, Product Management, and Account Management.",Tricog Health,Senior Vice President,2004,Dual Degree,India,Metallurgical Engineering & Materials Science,Management,2,0,1,0,Bangalore,Male,MG118
167,"He is a Chemical engineer with an MBA and experience in chemical, petrochemical, fertilizer and food ingredient sectors spanning Operations, Strategy, Business process reengineering, Organization development, Financial Modeling etc.",Freelance Consultant,Management Consultant,2005,M.Mgt.,India,Shailesh J. Mehta School of Management,Management,2,0,1,0,Hyderabad,Male,MG119
168,"He is presently heading Business Development for Aarti Industries and working on new product development and customer partnerships. He has 9 years of experience in corporate strategy roles spanning chemicals, automobiles and banking.",Aarti Industries Limited,BD Head,2006,B.Tech.,India,Chemical Engineering,Management,1,0,1,0,Mumbai,Male,MG120
169,"She is a marketer with experience in the top 3 FMCG of the country - HUL, P&G and Nestle. She is currently working as a project sales manager and has previously worked with the brand management team (particularly e-commerce) of Maggi.",Nestle,Project Sales Manager,2018,B.Tech.,India,Mechanical Engineering,Management,2,0,1,0,Mumbai,Female,MG121
170,"He setup outsourcing strategy, captive centre in India, and worked closely with global CIOs and his directs of Credit Suisse. Managed large scale IT projects. Currently consulting companies on setting up offices and business in Europe.",Independent consultant,Independent consultant,1990,M.Tech.,India,Shailesh J. Mehta School of Management,Management,2,0,1,0,Pune,Male,MG122
171,"He did a PGP from IIMC in 1998 and has since been working in various leadership roles in the EdTech and School Education domain. He also has diverse experience across industries in business development, operations, sales and strategy. ",Vishwajyot Schools,COO,1996,B.Tech.,India,Electrical Engineering,Management,1,0,1,0,Mumbai,Male,MG123
172,"He is a supply chain leader with 17+ years of experience. He did his MBA in Operations/Systems and works in Supply chain planning, S&OP, Inventory management, Logistics, OTC, IT, Change management, Process improvement, Lean and Six Sigma.",Parksons Packaging,Assistant Vice President - SCM and Planning,2007,M.Mgt.,India,Shailesh J. Mehta School of Management,Management,3,0,1,0,Mumbai,Male,MG124
173,He is currently working as a Product Manager for Storage Area Networking. His role includes designing roadmaps for the product and go to market strategies. Previously worked as Product Manager in Cisco and as Piping Engineer with Praxair.,NetApp,Product Manager,2016,M.Mgt.,India,Shailesh J. Mehta School of Management,Management,2,0,1,0,Bangalore,Male,MG125
174,"He works in Strategy Consulting for Corporate entities and PE Funds on strategic issues involving new investments, dealing with competitive pressures, exploitation of outsourcing opportunities, envisioning the future of the industries etc.",Avalon Group,Chairman,1971,B.Tech.,India,Metallurgical Engineering & Materials Science,Management,2,0,1,0,Mumbai,Male,MG126
175,"He is working as a Project Engineer in the energy sector. Manages projects in Offshore wind industry with various package managers of turbine suppliers, foundation suppliers etc. and works with contracts and procurement to deliver the project.",Royal Dutch Shell,Project Engineer,2013,B.Tech.,Netherlands,Mechanical Engineering,Management,2,0,1,0,The Hague,Male,MG127
176,"His work experience is in Logistics, Supply Chain, Procurement, Planning and Customer Service. Previously worked at Kellogg's for 27 years and at Asian Paints for more than 10 years. Currently looking for one last assignment before he retires.",Blackwoods,Head of Supply Chain Planning,1981,B.Tech.,Australia,Mechanical Engineering,Management,1,0,1,0,Sydney,Male,MG128
177,"He is presently working at Boehringer Ingelheim. Has work experience across different industries and his key strengths include forging partnerships with different stakeholders, studying user behavior and adapting platforms to end user needs. etc",Boehringer Ingelheim,Head of Digital Excellence,2010,M.Mgt.,India,Shailesh J. Mehta School of Management,Management,2,0,1,0,Mumbai,Male,MG129
178,"He is presently Global Engineering head for Electric Power Gensets below 1000 kVA. He is also an experienced Electric Power professional with extensive background in generator sets in the areas of product development, engineering and procurement.",Caterpillar,Chief Engineer,1994,B.Tech.,India,Civil Engineering,Management,1,0,1,0,Bangalore,Male,MG130
179,"His career spans over 11 yrs in corporate and 5+ yrs in entrepreneurship. His journey with Fincash involved setting up the unit of 30 persons across technology, operations, marketing, etc. In 1 Pay, he was Co-CEO and achieved 20-40% M-o-M growth.",PurpleTutor,Founder & CEO,2002,B.Tech.,India,Chemical Engineering,Management,2,0,1,0,Mumbai,Male,MG131
180,"His field of work is management and IT consulting. He is a trusted partner in business for IT-enabled supply chain planning, predictive analysis & optimization. He is presently working as Analytics Program Manager for a large CPG Company in Europe.",Infosys Consulting,Principal,2005,M.Mgt.,India,Shailesh J. Mehta School of Management,Management,2,0,1,0,Banglore,Male,MG132
181,"He is the Profit and Loss Statement Leader at his company and works in the design, manufacturing and marketing of Double and Single Ferrule fittings, Valves, Manifolds etc. Is a CSR Leader and Board of Studies and Management Member for an institute.",FluidControls Private Limited,COO and CTO,2000,Ph.D.,India,Mechanical Engineering,Management,4,0,1,0,Pune,Male,MG133
182,He works at an educational company. His work includes analyzing business situations and developing long term and short-term strategies. He loves researching the trends across businesses with respect to the products and technology that he works with.,Vedantu,Business growth lead,2014,B.Tech.,India,Metallurgical Engineering & Materials Science,Management,2,0,1,0,Bangalore,Male,MG134
183,"He has worked in supply chain and strategy consulting and is presently the Director at Healthcell Services. Previously worked with Deloitte Consulting and PepsiCo.He holds an MS in Process Control from Arizona State University, and a PGDBM from IIMB.",Healthcell Services Pvt. Ltd.,Director,1991,B.Tech.,India,Chemical Engineering,Management,3,0,1,0,Mumbai,Male,MG135
184,"He is the founder of Spirituals, TEDx Speaker, Life coach and Resident Monk at ISKCON Chowpatty. He conducts highly motivating courses such as 'Agents of Change'.",ISKCON,Head,2003,B.Tech.,India,Physics,Other,4,0,1,0,Mumbai,Male,OT101
185,He is building NeoDove and NeoBiz- Sales and Marketing Solution for SMBs across the globe. I have previously worked as Senior manager at OLAand co-founder of Radioze,NeoDove,CoFounder,2010,B.Tech.,India,Chemical Engineering,Other,2,0,1,0,Jaipur,Male,OT102
186,"He provides consultancy for business development, team building and research management. He has more than 17 years of experience of work related to healthcare industry.",MetFlux & Answer Genomics & CareOnco,Consultant,2004,Ph.D.,India,Chemical Engineering,Other,2,0,1,0,Gurugram,Female,OT103
187,"He has enjoyed working in automotive, IT and educational domains in different capacities such as technology, innovation, project management, business development and strategy.",Vodafone Idea,Assistant General Manager,2010,M.Tech.,India,Systems & Control Engineering,Other,2,0,1,0,Mumbai,Female,OT104
188,"He has worked in Market, sector and startup research. He plays the Sector agnostic role at IIM A's incubator. He has previously worked as Sr. Manager for digital banking at RBL bank.",CIIE.CO at IIM Ahmedabad,Senior Associate,2017,Dual Degree,India,Physics,Other,4,0,1,0,Mumbai,Female,OT105
189,"He is working as a Client onboarding specialist. He is an experienced Associate Software Developer with a demonstrated history of working in the financial services industry, particularly FIX onboarding. ",Flextrade India,Senior Onboarding Specialist,2016,M.Tech.,India,Centre for Technology Alternatives for Rural Areas - CTARA,Other,2,0,1,0,Pune,Male,OT106
190,He is presently assigned as Technical Assistant to Executive Director in Materials Management. He was the Core Team member for implementation of MM module of SAP and Process owner for implementation of SRM Module of SAP.,SAIL,GM(Purchase-Mechanical),1991,B.Tech.,India,Metallurgical Engineering & Materials Science,Other,1,0,1,0,Bhilai,Male,OT107
191,"He has worked in Telecommunication, IT, Biomedical Engineering, Instrumentation and Control. He is a Cloud migration strategist and an experienced leader and architect in telecom and finance. TOGAF. ITIL. DevOps. Security. IAM.",Nokia,Lead Architect,2000,M.Tech.,United Kingdom,Biosciences & Bioengineering,Other,1,0,1,0,Milton Keynes,Male,OT108
192," His startup Legitquest offers SaaS solutions to lawyers in content and analytics space. He has lead multi-functional teams of Product, Marketing, Sales, Finance and compliance for successful product business setup in a matrix environment.",Legitquest,Founder / CTO,1995,M.Tech.,India,Civil Engineering,Other,2,0,1,0,Gurgaon,Male,OT109
193,"He is into Dynamic credit profiling using unstructured data from social networks for Banks,NBFC,Housing finance companies. He Mines profiles from social networks similar to present client profiles for Banks,NBFC to generate targeted leads. ",Freelancer,Freelancer,1984,B.Tech.,India,Civil Engineering,Other,1,0,1,0,Mumbai,Male,OT110
194,"Ex-Lead data-enabled products for OYO US growth.He previously led TV Audience Ad Retargeting products, analytics and operations for a silicon valley rockstar start-up .Angel investor and advisor to kickass start-up PurpleTutor and Growisto
",Amazon,Head Product Management,2002,B.Tech.,United States,Metallurgical Engineering & Materials Science,Other,2,0,1,0,Santa Clara,Male,OT111
195,"He has been the worldwide head of HR for an IT company with about 15000 employes and has an experience of  more than 3 decades of IT Industry in Mergers, Project Management,IT Enablement, HR Systems & Policies, Career Counselling and Training.",Private consulting,NIL,1978,B.Tech.,India,Metallurgical Engineering & Materials Science,Other,2,0,1,0,Mumbai,Male,OT112
196,"He is a Learning and education program specialist with experience of working in payments, publishing and insurance companies. A strong education professional skilled in design and delivery of learning Programs, consulting and strengths coaching",PayPal India,Program Manager,1996,M.Tech.,India,Humanities & Social Science,Other,1,0,1,0,Chennai,Female,OT113
197,"He is an experienced energy sector executive and entrepreneur, having worked across UK & Europe, LAmerica, Middle East, India and East Asia over the past 25 years. He designs integrated clean energy solutions for Industrial and Corporate clients.",Feyn Partners,Founder and President,1995,M.Tech.,France,Chemical Engineering,Other,1,0,1,0,Paris,Male,OT114
198,"He is leading a program at IITB to help entrepreneurs come up with their ideas, and providing them support to launch and grow start-ups. He has previously worked as General Manager of Business Development in Reliance. Co-founded Banyan International",IIT Bombay,"Head, Programs, DSSE",2004,B.Tech.,India,Chemical Engineering,Other,4,0,1,0,Mumbai,Male,OT115
199,"He is presently working in the NGO sector for rural development and education.Over 22 years in resistance welding systems. Over 40 years in mechanical design. Worked with Godrej & Boyce, Klaas Equipment, retd. as GM operations at Mechelonic Engineers",Vigyan Ashram,Retired as GM(Ops),1974,B.Tech.,India,Mechanical Engineering,Other,4,0,1,0,Mumbai,Male,OT116
200,"He is working in the fields of Computer Vision, Data Science, Deep Learning.Works closely with Business team giving useful insights by mining patterns from Data. Key role in helping company's strategic decision making, develop and test ML algorithms.",Myntra,Senior Staff Data Scientist,2011,M.Tech.,India,Electrical Engineering,Other,1,0,1,0,Bangalore,Male,OT117
201,He work includes assessment of design of nuclear reactors and approval of license to build nuclear reactors.,"Atomic Energy Regulatory Board, Government of India",Scientific Officer (G),2000,M.Tech.,India,Master of Technology - M.Tech.,Other,1,0,1,0,mumbai,Male,OT118
202,"He is a retired Senior Reservoir Geologist at ADCO. He is also the former CIO, CTO and the Chief of Reserves Assurance at Reliance Industries Ltd. Oil & Gas.",RIL-E&P,CIO (Retired),1983,Ph.D.,India,Earth Sciences,Research,2,0,1,0,Chennai,Male,RS101
203,He is currently the Director of Mega Zing Solutions Pvt. Ltd. He was a former Principal Investigator at USAID. He has also worked with the Global Deloitte Team.,Mega Zing Solutions Pvt. Ltd.,Co-Founder & Director,2005,Ph.D.,India,Energy Science & Engineering,Research,1,0,1,0,Gurgaon,Male,RS102
204,He is currently a Doctoral Candidate at ETH Zurich. He is a researcher in the field of Machine learning & Data Science. He has worked as a freelance Data Scientist at ZipGo.,ETH Zurich,Doctoral Candidate,2009,B.Tech.,Switzerland,Metallurgical Engineering & Materials Science,Research,3,0,1,0,Zurich,Male,RS103
205,He mostly builds large scale data science applications for Bing shopping team. He has interned at BROCADE as a Senior Software Engineer. working at microsoft from last 6 years,Microsoft,Senior Software Engg/ Data Scientist,2010,M.Tech.,India,Electrical Engineering,Research,2,0,1,0,Hyderabad,Male,RS104
206,"He has worked in Pharma and Polymer Industry for 5.7 yrs as Scientist and then he shifted to Intellectual Property Rights and is currently working in this field since Oct 2006.
",Momentive,Senior Scientist,1995,M.Sc.,India,Chemistry,Research,2,0,1,0,Hyderabad,Male,RS105
207,"His work mainly involves teaching, learning and research. He is also involved in design and development of curriculum for undergraduate engineering students of University of Mumbai.",Don Bosco Institute of Technology,Professor & Dean Adminstration,2011,Ph.D.,India,Electrical Engineering,Research,1,0,1,0,Mumbai,Male,RS106
208,"He is working in Corporate research in healthcare domain. He specialises in Machine Learning, Data Analysis, Image Processing and Signal Processing. He has a experience of over 16 years.",Philips Research,Senior Scientist,2005,M.Tech.,India,Biosciences & Bioengineering,Research,1,0,1,0,Bangalore,Male,RS107
209,"He is currently working in a Swiss Med-Tech startup. He holds a M.Tech degree in Mechanical Engineering from Imperial College, London and done a research intern in Louisiana state university",Sleepiz AG,Lead R&D Engineer,2018,B.Tech.,India,Mechanical Engineering,Research,2,0,1,0,Pune,Male,RS108
210,He is the Associate Vice President and the Head of Process Development at Wockhardt. He was a Research Scientist at Aurigene Technologies where he did his research in the Biotechnology and Pharmaceutical field.,Wockhardt,Associate Vice President,1998,Ph.D.,India,Biosciences & Bioengineering,Research,2,0,1,0,Aurangabad,Male,RS109
211,"He is working as a Project Team Leader in Advisory Services.He is experienced in setting up, mentoring and growing a new R&D / Development group, Program Management, Automotive and Off-road Vehicle Development.",Ernst & Young LLP,Project Team Leader,1998,Ph.D.,India,Aerospace Engineering,Research,1,0,1,0,Pune,Male,RS110
212,"He has worked in porous silicon fabrication and simulation, H- ion beam extraction simulation. He is interested in silicon solar energy fabrication, simulation projects. Li-ion and other storage battery projects.","RRCAT, Atomic Energy Dept",Retired Scientific Officer,2001,Ph.D.,India,Metallurgical Engineering & Materials Science,Research,1,0,1,0,Indore,Male,RS111
213,"He is a Heavy Engineering Design, Engineering, and Industrial safety consultant. He is experienced in Business Plan development, Business Sustainability, Renewable energy Research (Photovoltaics), Technology transfer.","Solar Energy Research Institute of Singapore, NUS",Head of Research Group & Lab manager,2017,M.Tech.,Singapore,Energy Science & Engineering,Research,4,0,1,0,Singapore,Male,RS112
214,He is a Graduate Student Researcher at Cornell University in the Materials Science and Engineering Departmen. He has worked as a Process Development Engineer in Taiwan Semiconductor Manufacturing Company Limited (TSMC).,Cornell University,Graduate Student Researcher,2014,M.Tech.,United States,Metallurgical Engineering & Materials Science,Research,3,0,1,0,"Ithaca, New York",Male,RS113
215,He is working in the Nano-electronics and quantum standards research field for last 9 years at CSIR-NPL in Delhi. Before that he did his PhD in the Penn State university and alsoworked in R&D at Intel Corporation in US.,CSIR-National Physical Laboratory,Senior Scientist,2005,M.Sc.,India,Chemistry,Research,1,0,1,0,New Delhi,Male,RS114
216,"He has 30+ Years experience on Materials Science, Civil and Environmental engg, Natural Resource Management, Industrial and Agro Waste Management, Alternative Building Materials. He is also a 'Sir CV Raman Research Fellow'.",CSIR-AMPRI,Senior Principal Scientist,2007,Ph.D.,India,Centre for Environmental Science & Engineering - CESE,Research,4,0,1,0,Bhopal,Male,RS115
217,"He is a delivery-oriented techno-commercial professional with over 15 years of CFT experience in various 
phases of Product Development & Technology. Most of his work is related to product development & sheet metal engineering. ",Mahindra & Mahindra Ltd,Lead Engineer - Body Systems,2006,M.Tech.,India,Mechanical Engineering,Research,2,0,1,0,Chennai,Male,RS116
218,"He has done his Phd at SUTD. He is also a Research Associate at the University of Edinburgh. He has experience in Design Thinking, Product Ideation to Prototypes, Design Research Methodology, Circular Economy and Sustainability.",Imperial College London,Research Associate,2014,M.Tech.,United Kingdom,Centre for Environmental Science & Engineering - CESE,Research,2,0,1,0,Edinburgh,Male,RS117
219,"He works as an empirical social scientist, trying to understand how people make decisions, and how one can influence that decision making to improve social welfare. He has also worked in the Centre for Experimental Social Sciences.","Centre for Social and Behaviour Change, Ashoka University",Member of Behaviour Data Team,2017,B.Tech.,India,Chemical Engineering,Research,1,0,1,0,Mumbai,Male,RS118
220,"He is currently pursuing his PhD at University of Michigan, wherein he models the behavior of electrochemical systems like Li-ion batteries, Fuel cells etc. Previously, he was developing Li-ion batteries for the Indian Government. ",University of Michigan,Graduate Student,2016,Dual Degree,United States,Metallurgical Engineering & Materials Science,Research,2,0,1,0,Ann Arbor,Male,RS119
221,"He is a experienced R&D Manager with a demonstrated history of working in the oil & energy industry. He is skilled in Biotechnology, Life Sciences, Fermentation, Bioprocess development, Protein Purification and Bioanalytical skills.",Bharat Petroleum Corporation Limited,Manager (R&D),2004,M.Sc.,India,Biosciences & Bioengineering,Research,1,0,1,0,New Delhi,Male,RS120
222,"He has over 35 years experience in R&D and teaching covering aspects of computer science, microelectronics, VLSI architectures, embedded systems, hardware-software codesign, etc. He was also the Acting Director of CSIR-CEERI, Pilani.",BITS-Pilani,Visiting Faculty,1986,M.Tech.,India,Computer Science & Engineering,Research,2,0,1,0,Pilani,Male,RS121
223,"She is a scientist in the Central Drug Research Institute. She has done commendable work in academic and industrial research. She is experienced in organic synthesis, synthetic organic chemistry, medicinal and pharmaceutical chemistry",Central Drug Research Institute,Principal Scientist,2006,Ph.D.,India,Chemistry,Research,2,0,1,0,Lucknow,Female,RS122
224,"He has experience in directed protein evolution, RNA networks, Origins of Life problem, etc,. He was a Postdoctoral Fellow at University of Heidelberg. His work revolves around studying RNA catalysisand chemical self-replicating systems.",National Centre for Biological Sciences (NCBS),Campus Fellow,2008,M.Sc.,India,Biosciences & Bioengineering,Research,2,0,1,0,Bengaluru,Male,RS123
225,"He has done his postdoctoral fellowships from NSC Taiwan and Yonsei University, Seoul. He is a recipient of ISTE National Award for innovative research in engineering and technology (2007). He has been working as a professor for 37+ years.",Rajagiri School of Engineering and Technology,Professor,2002,Ph.D.,India,Civil Engineering,Research,2,0,1,0,Kochi,Male,RS124
226,"Delivering talks on special topics of holistic development, change management, regulation of mind and experience meditation. Counseling youth on communication skills, character development, regulation of mind through practice of meditation.",Visiting faculty Mech engg & Holistic Development,Retired Professor in Thermal engg/ Retired Principal,2007,Ph.D.,India,Energy Science & Engineering,Research,4,0,1,0,Pune,Male,RS125
227,"He is a Bioengineer specialising in orthopaedic biomechanics, with specific focus on upper-limb and lower-limb joints. He has completed his MSc and PhD in Bioengineering from Imperial College London, and Postdoctoral research from KU Leuven.",IIT Bombay,Assistant Professor,2012,Dual Degree,India,Mechanical Engineering,Research,4,0,1,0,Mumbai,Male,RS126
228,"He works in Designing and Developing Solutions for Energy, Automobile and Process industries. He is experienced in New Product Development, Technology and Innovation Management,etc. He has previously worked in Tata technologies and ESI Group.",Forbes Marshall,Principal Lead,2008,M.Tech.,India,Mechanical Engineering,Research,2,0,1,0,Pune,Male,RS127
229,"She is a PhD Candidate at the Stanford University, her research is mainly at the intersection of computer architecture and genomics. She has worked as a Research Assistant at Carnegie Mellon University. She has also interned at D.E.Shaw Research",Stanford University,PhD student,2017,Dual Degree,United States,Electrical Engineering,Research,1,0,1,0,Stanford,Female,RS128
230,"He is a Global Business Leader with 15+ years of experience in Biologics CMC, Product Development and Operations. He has successfully led phase appropriate CMC activities and transitioned several drugs from early development to commercialization. ",Amgen,Director,2002,B.Tech.,United States,Chemical Engineering,Research,1,0,1,0,Cary,Male,RS129
231,"He is versed in structural health monitoring, cyber-physical systems, IoT and predictive analytics. He has 15+ years experience in managing multi-disciplinary work on system modeling, sensing, and algorithms. He has 17 patents and 2500+ citations.","Palo Alto Research Center (PARC, a Xerox Co.)",Research Director,2002,B.Tech.,United States,Mechanical Engineering,Research,3,0,1,0,Palo Alto,Male,RS130
232,"He is currently working in Simulation and modelling of optical and RF applications.He has previously worked at Evalueserve,De Core Group of Companies.He is also pursuing part-time PhD at IISc in the Department of Electronic Systems and Engineering.","COMSOL, Inc.",Application engineer,2013,M.Tech.,India,Electrical Engineering,Research,1,0,1,0,Bengaluru,Male,RS131
233,"He does research and documentation for an organization based in Tumkuru, Karnataka, this NGO is working towards eradication of the practice of manual scavenging. He was also a Doctoral student in IIM Banglore and has done research in Public Policy.",Thamate (NGO),Researcher,2007,B.Tech.,India,Chemical Engineering,Research,1,0,1,0,Bengaluru,Male,RS132
234,"She was a Postdoctoral Associate at University of Maryland, also she is a Graduate research Assistant from University of Maryland College Park.She is working on improving the weather forecasts after completing Phd in Atmospheric and Oceanic Sciences",The University Corporation for Atmospheric Research,Associate Scientist,2012,B.Tech.,United States,Civil Engineering,Research,2,0,1,0,Rockville,Female,RS133
235,"He has over 26 years of experience in the Telecom, Wireless and Broadband industry. He has worked in firms like Bell Laboratories, Lucent Technologies in software product development and integration.He also has 10 years of entrepreneurial experience.",Bohiyaanam Technology (P) Ltd.,CTO,1982,B.Tech.,India,Electrical Engineering,Research,3,0,1,0,Pune,Male,RS134
236,"For the past 32 years he has engaged in Research, Innovation, Product Development, Solution Engineering, Technology Management, Strategy and Organizational Leadership at national and global levels, across several domains of technology and industries.",Ubiqare Health Private Limited,Co-Founder & Director,1985,M.Tech.,India,Electrical Engineering,Research,2,0,1,0,Bangalore,Male,RS135
237,"She is the Program Manager of the Advanced Energy Research and Technology Center. She has 10+ years of  experience in advanced nanomaterials synthesis, microscopy, spectroscopy, and data analytics, she has 3+ years of business development experience.",Stony Brook University,Program Manager,2013,B.Tech.,United States,Metallurgical Engineering & Materials Science,Research,1,0,1,0,Stony Brook,Female,RS136
238,"He is responsible for conceptualizing, establishing and growing the business of plasma products for one of the leading Biopharmaceutical companies of India.",PlasmaGen BioSciences,CEO,1994,Ph.D.,India,Biosciences & Bioengineering,Strategy consulting,1,0,1,0,Bangalore,Male,SC101
239,"He is currently working in Corporate Strategy , VC as a Associate Director. He is working in consulting for more than 7 years. He has also worked in Capgemini",Infinx Inc,Associate Director,2014, M.Mgt.,India,Shailesh J. Mehta School of Management,Strategy consulting,1,0,1,0,Mumbai,Male,SC102
240,"He  heads strategy for ShareChat, a Bangalore based startup valued at ~ 3Billion USD and backed by Twitter, Snapchat, Tiger Global, Temasek etc. Senior technical Product Manager at  Synopsys",Mckinsey,Senior Director- Strategy and Operations,2005,Dual Degree,India,Electrical Engineering,Strategy consulting,4,0,1,0,Bangalore,Male,SC103
241,"He is currently a consultant.He was previously the Chief Product Officer at a Fintech startup, cofounder at a Digital Manufacturing and a Water Desalination startup and an Investment Banking Analyst.",Think North,Founder,2014,B.Tech.,India,Metallurgical Engineering & Materials Science,Strategy consulting,4,0,1,0,Mumbai,Male,SC104
242,"He is heading a business unit of MPL Sports, which is an E-commerce/brands business of MPL..Has worked as Assistant vice president of Ex-Star Sports,Director in corporate development at Ola, Kearney, Arvind",Mobile Premier League,Head - Business Unit,2011,Dual Degree,India,Mechanical Engineering,Strategy consulting,2,0,1,0,Bangalore,Male,SC105
243,"Blume Ventures Full-time -2 yrs 10 mos Co-Founder, Head of Business Development @ PV Diagnostics -9 mos Investment Associate @ Guild Capital -1 yr 8 mos Associate Consultant @ Bain & Company -1 yr 1 mo Founder",INSEAD,MBA Student at INSEAD,2015,Dual Degree,France,Energy Science & Engineering,Strategy consulting,1,0,1,0,Paris,Female,SC106
244,"He combines Creative Ideation with Execution expertise.He is comfortable with the unknown & the flux in Start-Ups.He is responsible for hiring and mentoring a Team, setting up a studio & systems and Managing Traffic.",Design Express,Creative Director,1995,M.Des.,India,Industrial Design Centre,Strategy consulting,2,0,1,0,Mumbai,Male,SC107
245,"He works for strategy, operations and finance for the Hero Enterprise along with supporting the organic and inorganic growth of the group companies,he  focuses on diverse expansion and growth programmes of the Hero Group.",Hero Group,Strategic Planning & Projects,2014,Dual Degree,India,Metallurgical Engineering & Materials Science,Strategy consulting,2,0,1,0,New Delhi,Male,SC108
246,He is currently working in the Strategy & NPI team for the Abbott Nutrition International .He has worked in the Sales Force Effectiveness & Project Management Office Abbott Healthcare Pvt. Ltd. and as an analyst in Kearney.,Abbott,Senior Manager,2016,B.Tech.,India,Chemical Engineering,Strategy consulting,2,0,1,0,Mumbai,Male,SC109
247,"Ex-Manager at Deloitte Consulting. He has experience in assisting clients with assessing and implementing complex business applications, designing Pricing Strategies, providing execution support, and go-to-market strategies.",BCG,Project Lead,2010,Dual Degree,India,Civil Engineering,Strategy consulting,2,0,1,0,Mumbai,Male,SC110
248,"He is working with consulting professionals. He builds and implements strategies that can help enhance business performance.He is responsible for identifying and solving business problems, where analysis of data requires an in-depth evaluation",Accenture,Technology Consultant,2016,M.Mgt.,India,Shailesh J. Mehta School of Management,Strategy consulting,2,0,1,0,Hyderabad,Male,SC111
249,"Project Management, Asset Management, Private Equity, Supply Chain Management, Cost Control & Administration.Ex-""Investment Advisor at Joulon. A resourceful, quick-thinking and highly efficient management professional with 5+ yrs of experience.",OXEML,Commercial Director,2011,Dual Degree,United Kingdom,Chemical Engineering,Strategy consulting,4,0,1,0,Oxfordshire,Male,SC112
250,"IOT, Control & communication, connected healthcare, New business models and paradigms such as 'Comfort as a service' and how to enable these models. Ecological restoration and Natural resource development and management . Energy & Sustainability",Trans Vitals and The Ecological Society,"Co-Founder & Director, Trustee",1984,B.Tech.,India,Chemical Engineering,Strategy consulting,1,0,1,0,Pune,Male,SC113
